workerid,prolific_participant_id
3747,5f9b96ecd60b7a3d0c62e917
3710,5e1371f92b12bd9a96c2d902
3756,641359b5040c453203e2c088
3700,5a02083e087f2e0001eadbdb
3799,657a6ecc62c29be44b207d5d
3697,60ff38ebe2a6afae154729e2
3726,5f4c9e74da9c148b0d42ecbd
3744,5b29c2065b5c0900018b0105
3713,628eabb243fb4a73e29d9385
3741,6266a95d927943d0147dc188
3777,654a7dc3947d7596cfb8efb6
3774,62825aef9d9d5544867a6fc0
3708,5dc0ac2c441a2105cbb3bb0f
3723,655feb8d6493ccbb55c26c59
3717,615c47639c04e360b0a76f58
3780,62dfdd3c61b792d28de9d0e3
3729,65084a7ee95a6be9a789e832
3789,659aba9fce23a5b8af24fb5a
3802,65959374fad4e6a5a0efead7
3759,5d69f2684dd8030015e0407b
3768,650478dde813214cf0ebaa10
3792,6506fd43685505dfa579d9a7
3750,62bdc30224534809032cf056
3738,5f1c72e25a26d503c77bfdc9
3800,55f1d57632af74001217014d
3753,62e3007fd78a0537dbe4fcbd
3720,5aa806e7777df200016088c5
3735,646ff124ef129159bf5f08f7
3732,655fa5901a31921e732c64dc
3765,5aeab6e39e185a0001b9e272
3771,60c770aa2d2928bfda4c7cd4
3803,5a8d8079190420000156435d
3795,6126776b4049eefe3e9fa168
3705,5eaf2b7e05ff7862e21e9d3b
3790,60455511710c89680924f7ac
3736,655f9ea49fc6093808094bff
3778,59f226a9d6380600018b2923
3769,656744679b54e0609092f26c
3784,5c3bdbf548ad2900017fac31
3797,60b7a867e27703d1e26b503c
3699,5d2e4267565e1200017efb42
3702,59e7f3e1c0d35a0001295328
3787,60f3c1b003bbf8263f002824
3724,634ef87aec0966557c825573
3766,5938e042e9b44100013ae891
3739,6091448b2ddfafebfc8b83b3
3763,601f39db522dc94535000190
3754,5e6033dbfb4665381e27f2fc
3801,6588baaf0eab6cd8b36dc91a
3757,5e8fe87009881f2ee83521fb
3718,639b9ab341f4429b1b3c06a2
3733,5e8b32ec2c33ae7f20a0b401
3793,65957f9a085d53d06174a2f9
3711,53987712fdf99b68e3a45021
3696,5f5128c3aa1c4e30e4506d2c
3714,63d7b1a0af0a978609a30e3b
3775,658289aeaf946c0306a5c083
3727,63eb82da9758a485a67914a2
3781,6562c55e28c4121b6401c0c7
3721,62db3ed4036f86b4686c299d
3751,6308ff465d70c60ec0196df7
3772,5f5bd4eee8768816413c0cb5
3742,63f46b97140756e0178e60be
3745,5a135875074b1900012527a9
3748,572bf2aa34b25a000edd2e73
3730,5d5c25578af5fd0001ef3aee
3767,612039d9400fae9545b3c5a8
3722,643bd22e67aeded15060e447
3794,606604f1ca47696cf97529c0
3737,63615bb6922c170dc50b434a
3743,5e1510a1c76aa6b119558fd6
3752,644084516bb3bfc15dd6cc5a
3746,5d0c565f7374b40001cef0f8
3791,5c7d7e86848d2a0016b3dd3e
3725,5da25f04c8c2de00139ed46b
3712,6384e535ba619451063f5223
3758,5d74001d391b6600175f433b
3740,5a2846ceb4a5de00011af418
3776,64047bc8a03c7c5b559f300d
3695,622a09d714a95e25444384f9
3749,5d8c34d571fe8b00196fd24a
3716,6015ba06aa02256df4792d15
3782,5cbe00898f939c0017c0b9d8
3719,5c4a91c8818d4d00013de5d8
3701,5dbefb269653e83afe17b10b
3779,655f914dd623b0eda52483c8
3785,6095fc75ab1d101e060d808b
3698,651ab8cd3ecbad9f2062ab57
3731,62b473736986d2b27c1427d2
3773,56e6a66af6ed900006a5867c
3728,622a4cc50412091154bae7f0
3764,63c09c62d1b2a93890da320b
3734,5a8f13595292b80001235e09
3755,650b03136ab3d4c832d98b71
3770,61bb3a4f40db417c1a138ff4
3761,6548f89c808b1400fd2e056d
3709,6549927350580f18680deac1
3788,5e7d30c3ce25953beed86d43
